{
  "$schema": "../node_modules/@tauri-apps/cli/schema.json",
  "build": {
    "beforeBuildCommand": "yarn export",
    "beforeDevCommand": "yarn export:dev",
    "devPath": "http://localhost:3000",
    "distDir": "../out",
    "withGlobalTauri": true
  },
  "package": {
    "productName": "MOSS",
    "version": "2.14.0"
  },
  "tauri": {
    "allowlist": {
      "all": false,
      "shell": {
        "all": false,
        "open": true
      },
      "dialog": {
        "all": true,
        "ask": true,
        "confirm": true,
        "message": true,
        "open": true,
        "save": true
      },
      "clipboard": {
        "all": true,
        "writeText": true,
        "readText": true
      },
      "window": {
        "all": false,
        "close": true,
        "hide": true,
        "maximize": true,
        "minimize": true,
        "setIcon": true,
        "setIgnoreCursorEvents": true,
        "setResizable": true,
        "show": true,
        "startDragging": true,
        "unmaximize": true,
        "unminimize": true
      },
      "fs": {
        "all": true
      },
      "notification": {
        "all": true
      }
    },
    "bundle": {
      "active": true,
      "category": "DeveloperTool",
      "copyright": "2023, Zhang Yifei All Rights Reserved.",
      "deb": {
        "depends": []
      },
      "externalBin": [],
      "icon": [
        "icons/32x32.png",
        "icons/128x128.png",
        "icons/128x128@2x.png",
        "icons/icon.icns",
        "icons/icon.ico"
      ],
      "identifier": "com.yida.chatgpt.next.web",
      "longDescription": "MOSS is a cross-platform ChatGPT client, including Web/Win/Linux/OSX/PWA.",
      "macOS": {
        "entitlements": null,
        "exceptionDomain": "",
        "frameworks": [],
        "providerShortName": null,
        "signingIdentity": null
      },
      "resources": [],
      "shortDescription": "MOSS App",
      "targets": "all",
      "windows": {
        "certificateThumbprint": null,
        "digestAlgorithm": "sha256",
        "timestampUrl": ""
      }
    },
    "security": {
      "csp": null,
      "dangerousUseHttpScheme": true
    },
    "updater": {
      "active": true,
      "endpoints": [
        "http://qm.qq.com/cgi-bin/qm/qr?_wv=1027&k=fSV_jdOILp-cuKhE_KloBcK3gAjAaC9G&authKey=e7nRdGEM8HEDl%2B4sJdpRLkL8IjBwHXkS9VGdDl4Mj6i%2BNfwAilBaNehvzYzzidWj&noverify=0&group_code=817377776/releases/latest/download/latest.json"
      ],
      "dialog": false,
      "windows": {
        "installMode": "passive"
      },
      "pubkey": "dW50cnVzdGVkIGNvbW1lbnQ6IG1pbmlzaWduIHB1YmxpYyBrZXk6IERFNDE4MENFM0Y1RTZBOTQKUldTVWFsNC96b0JCM3RqM2NmMnlFTmxIaStRaEJrTHNOU2VqRVlIV1hwVURoWUdVdEc1eDcxVEYK"
    },
    "windows": [
      {
        "fullscreen": false,
        "height": 600,
        "resizable": true,
        "title": "MOSS",
        "width": 960,
        "hiddenTitle": true,
        "titleBarStyle": "Overlay"
      }
    ]
  }
}
